Unnamed: 0,Unnamed: 0.1,city,price,water-availability,status-of-electricity,furnishing,bedrooms,bathrooms,status,neighborhood,roads,safety,cleanliness,public-transport,parking,connectivity,traffic,school,restaurants,hospital,market,locality-rating,verified_id,capacity,towers,units,Retirees,Family,Couple,SingleProfessionals,Students
0,0,Mumbai,13100000,1.0,2.0,1.0,4,4,0,4,4,4,4,4,4,4,3,4,4,4,4,45,1,4,6,1000,1,1,1,0,0
1,1,Mumbai,18700000,0.0,0.0,0.0,4,4,0,4,4,4,4,4,4,4,3,4,4,4,4,45,1,4,0,144,1,1,1,0,0
2,4,Mumbai,17500000,2.0,0.0,0.0,3,4,0,4,4,4,3,4,3,4,3,4,3,4,4,41,1,5,4,416,1,1,1,0,0
3,3,Mumbai,18900000,0.0,1.0,0.0,4,4,0,4,4,4,4,4,4,4,3,4,4,4,4,46,1,4,1,51,1,1,1,0,0
4,4,Mumbai,14900000,1.0,2.0,0.0,4,4,0,4,4,4,4,4,4,4,3,4,4,4,4,44,1,4,4,414,1,1,1,0,0
5,5,Mumbai,49700000,0.0,1.0,0.0,4,4,0,4,4,5,3,4,3,4,3,4,5,4,5,48,1,5,3,176,0,1,1,1,0
6,6,Mumbai,1000000,2.0,0.0,0.0,1,4,0,4,4,4,4,4,4,4,3,4,4,4,4,44,1,5,1,54,1,1,1,0,0
7,7,Mumbai,15000000,2.0,0.0,0.0,3,3,0,4,4,4,4,5,4,5,4,4,4,4,5,5,1,4,3,554,1,1,1,0,0
8,8,Mumbai,9990000,1.0,2.0,0.0,1,1,0,4,4,4,4,4,4,4,3,4,4,4,4,45,1,4,3,0,1,1,1,0,0
9,9,Mumbai,10100000,1.0,2.0,1.0,1,4,0,4,4,4,4,4,4,4,3,4,4,4,4,44,1,4,3,170,1,1,1,0,0
10,10,Mumbai,15100000,2.0,0.0,0.0,4,4,0,4,4,4,4,4,3,4,3,4,4,4,4,46,1,4,4,360,1,1,1,0,0
11,11,Mumbai,43500000,2.0,0.0,0.0,4,4,0,4,4,4,4,4,3,4,3,4,4,4,4,46,1,4,3,0,1,1,1,0,0
12,14,Mumbai,17100000,1.0,2.0,0.0,4,4,0,4,4,4,4,4,4,4,3,4,3,4,4,43,1,4,3,94,1,1,1,0,0
13,13,Mumbai,99600000,1.0,2.0,0.0,4,3,0,4,4,4,4,4,4,4,3,4,4,4,4,46,1,4,3,0,1,1,1,0,0
14,14,Mumbai,44500000,2.0,0.0,0.0,4,4,0,4,4,4,4,4,3,4,3,4,4,4,4,45,1,5,1,410,1,1,1,0,0
15,15,Mumbai,41400000,1.0,2.0,1.0,4,4,0,4,4,4,4,4,3,4,3,4,4,4,4,45,1,4,1,94,1,1,1,0,0
16,16,Mumbai,37600000,1.0,2.0,2.0,3,3,0,4,4,4,4,4,3,4,3,4,4,4,4,46,1,4,1,44,1,1,1,0,0
17,17,Mumbai,57000000,1.0,2.0,0.0,3,4,3,4,4,4,4,4,4,4,3,4,4,4,4,46,1,4,1,33,1,1,1,0,0
18,18,Mumbai,44000000,1.0,2.0,1.0,4,4,0,4,4,4,4,4,3,4,3,4,4,4,4,45,1,4,4,160,1,1,1,0,0
19,19,Mumbai,19000000,0.0,0.0,0.0,4,4,0,4,4,4,4,4,4,4,3,4,4,4,4,46,1,4,1,140,1,1,1,0,0
20,40,Mumbai,16500000,2.0,0.0,0.0,4,4,0,4,4,4,4,4,4,4,3,4,4,4,4,45,1,4,1,45,1,1,1,0,0
21,41,Mumbai,40600000,1.0,2.0,1.0,4,4,0,4,4,4,4,4,4,4,3,4,3,3,4,44,1,4,4,1400,1,1,1,0,0
22,44,Mumbai,104400000,1.0,2.0,2.0,4,5,0,4,4,4,4,4,4,4,3,4,4,4,4,46,1,6,3,0,1,1,1,0,0
23,43,Mumbai,41900000,1.0,2.0,0.0,3,3,0,4,4,4,4,4,3,4,3,4,4,4,4,46,1,4,5,0,1,1,1,0,0
24,44,Mumbai,55300000,0.0,1.0,1.0,3,3,0,4,4,4,4,4,4,4,3,4,4,4,4,46,1,4,3,0,1,1,1,0,0
25,45,Mumbai,44000000,2.0,0.0,0.0,5,5,3,4,4,4,4,4,4,4,3,4,4,4,4,46,1,4,4,400,1,1,1,0,0
26,46,Bangalore,4610000,0.0,1.0,0.0,4,4,0,4,4,4,4,4,4,4,3,4,3,4,4,44,1,4,1,168,1,1,1,0,0
27,47,Bangalore,7600000,1.0,2.0,1.0,4,4,0,4,4,4,4,4,4,4,3,4,3,4,4,44,1,4,7,1434,1,1,1,0,0
28,48,Bangalore,44400000,0.0,1.0,0.0,5,5,3,4,4,4,4,3,4,4,3,4,3,4,4,44,1,4,0,50,1,1,1,0,0
29,49,Bangalore,7940000,0.0,1.0,0.0,3,4,0,4,4,4,4,4,4,4,3,4,4,4,4,45,1,4,3,471,1,1,1,0,0
30,30,Bangalore,10400000,2.0,0.0,0.0,4,4,3,4,4,4,4,4,4,4,3,4,4,3,4,44,1,4,6,4700,1,1,1,0,0
31,31,Bangalore,48000000,1.0,2.0,1.0,4,4,3,4,3,4,4,4,3,4,3,4,4,4,4,44,1,4,4,80,1,1,1,0,0
32,34,Bangalore,11100000,0.0,1.0,0.0,4,4,3,4,4,4,4,4,4,4,3,4,4,4,4,47,1,4,8,434,1,1,1,0,0
33,33,Bangalore,9680000,1.0,2.0,1.0,3,3,0,4,4,4,4,3,4,4,3,4,3,4,4,44,1,4,4,199,1,1,1,0,0
34,34,Bangalore,5080000,0.0,1.0,0.0,4,4,0,4,4,4,4,4,4,4,4,4,3,3,3,43,1,4,8,414,1,1,1,0,0
35,35,Bangalore,3900000,0.0,1.0,0.0,3,4,0,4,4,4,4,4,4,4,3,4,4,4,4,45,1,4,4,470,1,1,1,0,0
36,36,Bangalore,7500000,2.0,0.0,0.0,4,4,0,4,4,4,4,4,4,4,3,4,4,4,4,45,1,4,4,408,1,1,1,0,0
37,37,Bangalore,9500000,1.0,2.0,1.0,3,3,0,4,4,4,4,4,4,4,4,4,3,4,4,45,1,4,4,334,1,1,1,0,0
38,38,Bangalore,18400000,2.0,0.0,0.0,4,3,0,4,4,4,4,4,4,4,3,4,4,4,4,43,1,4,0,159,1,1,1,0,0
39,39,Bangalore,9460000,1.0,2.0,1.0,4,3,0,4,4,4,4,4,4,4,4,4,4,4,4,46,1,4,1,165,1,1,1,0,0
40,40,Bangalore,3300000,1.0,2.0,1.0,4,4,0,4,4,4,4,4,4,4,4,4,3,4,4,44,1,4,3,444,1,1,1,0,0
41,41,Bangalore,9800000,1.0,2.0,1.0,3,4,3,4,4,4,4,4,4,4,3,4,4,4,4,45,1,4,4,446,1,1,1,0,0
42,44,Bangalore,9300000,0.0,1.0,0.0,3,3,3,4,4,4,4,4,4,4,3,4,4,4,4,44,1,4,9,430,1,1,1,0,0
43,43,Bangalore,9110000,1.0,2.0,1.0,4,4,0,4,4,4,4,4,4,4,3,4,4,4,4,45,1,4,5,414,1,1,1,0,0
44,44,Bangalore,16100000,0.0,1.0,0.0,3,3,0,4,3,4,4,4,4,4,3,4,3,4,4,43,1,4,4,171,1,1,1,0,0
45,45,Bangalore,7850000,0.0,0.0,0.0,3,3,3,4,4,4,4,4,4,4,3,4,4,4,4,45,1,4,4,497,1,1,1,0,0
46,46,Bangalore,13800000,0.0,1.0,2.0,3,3,3,4,4,4,4,4,4,4,3,4,4,4,4,46,1,4,0,103,1,1,1,0,0
47,47,Bangalore,14000000,1.0,2.0,2.0,3,4,0,4,4,4,4,4,4,4,4,4,4,4,4,45,1,4,4,196,1,1,1,0,0
48,48,Bangalore,6500000,0.0,1.0,0.0,4,4,3,4,4,4,4,3,4,4,4,4,3,4,3,44,1,4,3,313,1,1,1,0,0
49,49,Bangalore,5130000,2.0,0.0,0.0,4,4,3,4,4,4,4,4,4,4,3,4,4,4,4,45,1,4,1,155,1,1,1,0,0
50,50,Bangalore,6540000,0.0,0.0,0.0,3,4,3,4,4,4,4,4,4,4,4,4,3,3,4,43,1,4,3,153,1,1,1,0,0
51,51,Hyderabad,13600000,1.0,2.0,1.0,3,3,3,4,4,4,4,4,4,4,4,4,4,4,4,47,1,4,1,0,1,1,1,0,0
52,54,Hyderabad,13900000,2.0,0.0,0.0,3,3,3,4,4,4,4,4,4,4,3,4,4,4,4,45,1,4,11,900,1,1,1,0,0
53,53,Hyderabad,5840000,0.0,1.0,0.0,4,4,0,4,4,4,4,4,4,4,4,4,4,4,4,48,1,4,4,794,1,1,1,0,0
54,54,Hyderabad,10500000,2.0,0.0,0.0,3,3,0,4,4,4,4,4,4,4,3,4,4,4,4,47,1,4,5,748,1,1,1,0,0
55,55,Hyderabad,9430000,1.0,2.0,0.0,3,3,0,4,4,4,4,3,4,4,4,4,3,4,4,46,1,4,7,1054,1,1,1,0,0
56,56,Hyderabad,14100000,2.0,0.0,0.0,3,3,0,4,4,4,4,4,4,4,4,4,4,4,4,45,1,4,3,849,1,1,1,0,0
57,57,Hyderabad,10600000,0.0,1.0,0.0,3,3,0,4,4,4,4,3,4,4,4,4,3,4,4,45,1,4,5,678,1,1,1,0,0
58,58,Hyderabad,4990000,2.0,0.0,0.0,4,4,0,4,4,4,4,5,5,4,4,4,4,4,4,46,1,4,0,95,1,1,1,0,0
59,59,Hyderabad,3610000,0.0,0.0,0.0,3,4,0,4,4,4,4,4,4,4,3,4,4,4,3,46,1,4,6,1400,1,1,1,0,0
60,60,Hyderabad,9930000,2.0,0.0,0.0,3,3,0,4,4,4,4,3,4,4,4,4,3,4,4,46,1,4,6,540,1,1,1,0,0
61,61,Hyderabad,6800000,1.0,2.0,1.0,3,3,0,4,4,4,4,4,4,4,4,4,4,4,4,46,1,4,4,140,1,1,1,0,0
62,64,Hyderabad,66500000,2.0,0.0,0.0,4,4,0,4,3,4,4,4,4,4,4,4,4,4,4,44,1,4,0,98,1,1,1,0,0
63,63,Hyderabad,34500000,0.0,1.0,0.0,3,3,0,4,4,4,4,4,4,4,3,4,4,4,4,47,1,4,6,464,1,1,1,0,0
64,64,Hyderabad,18300000,2.0,0.0,0.0,3,3,0,4,4,4,4,4,4,4,3,4,4,4,4,46,1,4,5,886,1,1,1,0,0
65,65,Hyderabad,14400000,1.0,2.0,0.0,3,3,0,4,3,4,4,4,4,4,4,4,4,4,4,44,1,4,1,416,1,1,1,0,0
66,66,Hyderabad,6410000,2.0,0.0,0.0,4,4,0,4,4,4,4,4,4,4,4,4,3,3,4,45,1,4,5,4600,1,1,1,0,0
67,67,Hyderabad,44500000,1.0,2.0,1.0,3,3,3,4,4,4,4,4,4,4,3,4,4,4,4,47,1,4,1,40,1,1,1,0,0
68,68,Hyderabad,8350000,2.0,0.0,0.0,3,3,0,4,4,4,4,4,4,4,4,4,4,4,4,46,1,4,4,360,1,1,1,0,0
69,69,Hyderabad,9880000,0.0,1.0,0.0,3,3,0,4,3,5,3,3,4,3,3,4,4,4,5,35,1,6,1,86,0,1,1,0,1
70,70,Hyderabad,41000000,2.0,0.0,0.0,3,3,0,4,4,4,4,4,4,4,3,4,3,3,3,44,1,4,0,113,1,1,1,0,0
71,71,Hyderabad,8830000,2.0,0.0,0.0,4,4,3,4,4,4,4,3,4,4,4,4,3,4,4,46,1,4,4,404,1,1,1,0,0
72,74,Hyderabad,10400000,1.0,2.0,0.0,3,4,0,4,3,4,4,4,4,4,4,4,3,3,4,46,1,4,4,0,1,1,1,0,0
73,73,Hyderabad,4560000,1.0,2.0,1.0,1,1,0,4,3,4,4,4,4,4,4,4,3,3,4,46,1,4,1,60,1,1,1,0,0
74,74,Hyderabad,4060000,1.0,2.0,1.0,4,4,0,4,4,4,4,4,4,4,4,4,3,3,4,46,1,4,6,370,1,1,1,0,0
75,75,Hyderabad,7960000,2.0,0.0,0.0,3,3,0,4,4,4,4,4,4,4,3,4,4,4,4,45,1,4,9,1066,1,1,1,0,0
76,76,Hyderabad,5480000,2.0,0.0,0.0,4,4,3,4,4,4,4,4,4,4,4,4,4,4,4,46,1,4,6,480,1,1,1,0,0
77,77,Hyderabad,37100000,1.0,2.0,1.0,4,4,3,4,4,4,4,3,4,4,3,4,3,4,3,45,1,4,0,96,1,1,1,0,0
78,78,Ahmedabad,3890000,2.0,0.0,0.0,4,4,0,4,3,4,4,3,4,3,4,4,3,3,3,43,1,4,10,0,1,1,1,0,0
79,79,Ahmedabad,5070000,0.0,1.0,0.0,3,4,0,4,4,4,4,4,4,4,3,4,4,4,4,45,1,4,6,436,1,1,1,0,0
80,80,Ahmedabad,34500000,2.0,0.0,0.0,5,7,0,4,4,4,4,4,4,4,3,4,4,4,4,45,1,10,10,438,1,1,1,0,0
81,81,Ahmedabad,16600000,2.0,0.0,0.0,4,4,0,4,4,4,4,3,4,4,4,4,3,3,3,43,1,4,4,175,1,1,1,0,0
82,84,Ahmedabad,3400000,0.0,1.0,0.0,4,4,0,4,4,4,4,4,4,4,3,4,4,4,4,44,1,4,6,515,1,1,1,0,0
83,83,Ahmedabad,7660000,0.0,1.0,0.0,3,3,0,4,4,4,3,4,4,4,3,4,4,4,4,44,1,4,9,430,1,1,1,0,0
84,84,Ahmedabad,38100000,2.0,0.0,0.0,5,4,0,4,4,4,4,4,4,5,3,4,4,4,4,49,1,4,4,70,1,1,1,0,0
85,85,Ahmedabad,9180000,1.0,2.0,0.0,3,3,0,4,4,4,4,4,4,4,4,4,4,4,4,44,1,4,4,96,1,1,1,0,0
86,86,Ahmedabad,5790000,1.0,2.0,1.0,3,3,0,4,3,4,4,3,4,3,4,4,3,3,3,43,1,4,14,666,1,1,1,0,0
87,87,Ahmedabad,7100000,1.0,2.0,1.0,3,3,0,4,4,4,4,4,4,4,3,4,4,4,4,47,1,4,4,444,1,1,1,0,0
88,88,Ahmedabad,9830000,2.0,0.0,0.0,3,3,0,4,4,4,4,5,4,5,4,5,4,5,4,45,1,4,3,164,1,1,1,0,0
89,89,Ahmedabad,13400000,1.0,2.0,1.0,3,3,3,4,4,4,4,4,4,4,3,4,4,4,4,46,1,4,7,346,1,1,1,0,0
90,90,Ahmedabad,3440000,2.0,0.0,0.0,4,4,0,4,4,4,4,4,4,4,4,4,4,4,4,45,1,4,5,440,1,1,1,0,0
91,91,Ahmedabad,5000000,1.0,2.0,1.0,4,4,0,4,4,4,4,3,4,4,3,4,4,4,4,46,1,4,18,994,1,1,1,0,0
92,94,Ahmedabad,4100000,0.0,0.0,0.0,4,4,3,4,4,4,3,4,4,4,3,4,4,4,4,43,1,4,8,378,1,1,1,0,0
93,93,Ahmedabad,6360000,1.0,2.0,1.0,3,3,0,4,4,4,4,4,4,4,3,4,4,4,4,44,1,4,4,0,1,1,1,0,0
94,94,Ahmedabad,4730000,0.0,1.0,0.0,3,3,0,4,5,4,4,4,4,5,4,4,4,5,4,45,1,4,4,0,0,1,0,0,0
95,95,Ahmedabad,5000000,0.0,0.0,0.0,4,4,1,4,4,4,4,3,4,4,4,4,3,3,3,43,1,4,7,774,1,1,1,0,0
96,96,Ahmedabad,3800000,2.0,0.0,0.0,4,4,0,4,3,4,4,3,4,3,4,4,3,3,3,43,1,4,10,0,1,1,1,0,0
97,97,Ahmedabad,14000000,2.0,0.0,0.0,4,4,0,4,4,4,4,4,4,4,3,4,4,4,4,47,1,4,7,13000,1,1,1,0,0
98,98,Ahmedabad,5500000,0.0,0.0,0.0,4,4,3,4,4,4,4,3,4,4,4,4,4,4,4,46,1,4,4,184,1,1,1,0,0
99,99,Chennai,18700000,1.0,2.0,1.0,3,3,3,4,4,4,4,4,3,4,3,4,4,4,4,44,1,4,3,674,1,1,1,0,0
100,100,Chennai,4880000,1.0,2.0,2.0,4,4,0,4,3,4,4,4,4,4,3,4,4,4,4,43,1,4,5,494,1,1,1,0,0
101,101,Chennai,3850000,2.0,0.0,0.0,4,4,0,4,4,4,4,4,4,4,3,4,3,4,4,44,1,4,3,143,1,1,1,0,0
102,104,Chennai,55000000,0.0,1.0,1.0,5,5,3,4,4,4,4,4,4,4,4,3,4,3,3,44,1,6,0,73,1,1,1,0,0
103,103,Chennai,31500000,2.0,0.0,0.0,3,3,0,4,4,4,4,4,4,4,3,4,4,4,4,45,1,4,4,300,1,1,1,0,0
104,104,Chennai,7870000,2.0,0.0,0.0,4,4,3,4,4,4,4,4,4,4,3,4,3,4,4,44,1,4,10,883,1,1,1,0,0
105,105,Chennai,3340000,1.0,2.0,0.0,4,4,3,4,4,4,4,4,4,4,3,4,3,3,4,44,1,5,8,1040,1,1,1,0,0
106,106,Chennai,8910000,0.0,0.0,0.0,3,3,0,4,4,4,4,4,4,4,3,4,4,4,4,46,1,4,1,40,1,1,1,0,0
107,107,Chennai,13900000,2.0,0.0,0.0,3,3,0,4,4,4,3,4,3,4,3,4,4,4,4,46,1,4,1,74,1,1,1,0,0
108,108,Chennai,7640000,2.0,0.0,0.0,4,4,0,4,4,4,4,4,4,4,3,4,4,4,4,45,1,4,1,56,1,1,1,0,0
109,109,Chennai,8500000,0.0,1.0,0.0,3,3,3,4,4,4,4,4,4,4,4,4,3,4,4,45,1,4,16,1654,1,1,1,0,0
110,110,Chennai,14000000,1.0,2.0,0.0,4,4,3,4,4,4,4,4,4,4,3,4,4,4,4,45,1,4,4,608,1,1,1,0,0
111,111,Chennai,44500000,2.0,0.0,0.0,3,3,0,4,3,4,3,4,4,4,3,4,4,4,4,43,1,4,1,498,1,1,1,0,0
112,114,Chennai,9450000,1.0,2.0,0.0,4,4,0,4,4,4,4,4,4,4,3,4,4,4,4,46,1,4,1,34,1,1,1,0,0
113,113,Chennai,4970000,2.0,0.0,0.0,3,4,0,4,4,4,4,4,4,4,4,4,4,4,4,44,1,4,3,581,1,1,1,0,0
114,114,Chennai,33800000,2.0,0.0,0.0,4,4,0,4,4,4,4,4,3,4,3,4,4,4,4,47,1,4,4,181,1,1,1,0,0
115,115,Chennai,4750000,0.0,0.0,0.0,4,4,3,4,4,4,4,4,3,4,3,4,4,4,4,47,1,4,4,1559,1,1,1,0,0
116,116,Chennai,9170000,0.0,1.0,0.0,3,3,0,4,4,4,4,4,4,4,3,4,4,4,4,44,1,4,3,356,1,1,1,0,0
117,117,Chennai,5160000,0.0,0.0,0.0,4,4,0,4,4,4,4,4,4,4,3,4,4,4,4,45,1,4,4,60,1,1,1,0,0
118,118,Chennai,10400000,0.0,0.0,0.0,3,3,0,4,4,4,4,4,4,4,3,4,4,4,4,44,1,4,0,8,1,1,1,0,0
119,119,Chennai,9870000,2.0,0.0,0.0,4,4,0,4,4,4,4,4,4,4,3,4,4,4,4,46,1,4,6,431,1,1,1,0,0
120,140,Chennai,6700000,2.0,0.0,0.0,3,3,0,4,4,4,3,4,4,4,3,4,4,4,4,44,1,4,0,134,1,1,1,0,0
121,141,Chennai,6480000,1.0,2.0,1.0,4,4,0,4,3,4,4,4,4,4,3,4,4,4,4,43,1,4,1,410,1,1,1,0,0
122,144,Chennai,8890000,2.0,0.0,0.0,3,4,3,4,4,4,4,4,4,4,3,4,4,4,4,45,1,4,5,74,1,1,1,0,0
123,143,Chennai,14500000,0.0,0.0,0.0,4,4,0,4,4,4,4,4,3,4,3,4,4,4,4,46,1,4,1,3,1,1,1,0,0
124,144,Chennai,4990000,2.0,0.0,0.0,4,4,0,4,4,4,4,4,4,4,4,4,3,4,4,45,1,4,4,440,1,1,1,0,0
125,145,Chennai,10100000,2.0,0.0,0.0,3,3,3,4,4,4,4,4,4,4,3,4,4,3,4,43,1,4,1,16,1,1,1,0,0
126,146,Chennai,5460000,2.0,0.0,0.0,4,4,0,4,4,4,4,3,4,4,3,4,3,4,4,45,1,4,1,48,1,1,1,0,0
127,147,Chennai,14400000,1.0,2.0,0.0,3,3,0,4,4,4,4,4,4,4,3,4,4,4,4,44,1,4,1,107,1,1,1,0,0
128,148,Chennai,4040000,0.0,1.0,0.0,1,1,3,4,4,4,4,4,4,4,4,4,4,4,4,45,1,4,4,115,1,1,1,0,0
129,149,Kolkata,4390000,2.0,0.0,0.0,4,4,3,4,4,4,4,4,4,4,3,4,4,4,4,44,1,4,14,865,1,1,1,0,0
130,130,Kolkata,4460000,0.0,0.0,0.0,3,4,0,4,4,4,4,4,4,4,4,4,4,4,4,45,1,4,10,360,1,1,1,0,0
131,131,Kolkata,10800000,1.0,2.0,0.0,3,4,3,4,4,4,4,4,3,4,4,4,4,4,4,44,1,4,4,368,1,1,1,0,0
132,134,Kolkata,3760000,2.0,0.0,0.0,4,4,3,4,4,4,4,4,4,4,3,4,3,4,4,45,1,4,48,4500,1,1,1,0,0
133,133,Kolkata,5370000,1.0,2.0,0.0,3,4,3,4,4,4,3,4,3,4,3,4,4,4,4,45,1,4,49,3000,1,1,1,0,0
134,134,Kolkata,5930000,2.0,0.0,0.0,4,4,0,4,4,4,4,4,4,4,4,4,4,4,4,48,1,4,4,47,1,1,1,0,0
135,135,Kolkata,4430000,2.0,0.0,0.0,4,4,0,4,4,4,4,4,3,4,3,4,3,3,4,44,1,4,4,560,1,1,1,0,0
136,136,Kolkata,5500000,1.0,2.0,1.0,3,4,0,4,4,4,4,4,3,4,4,4,4,4,4,45,1,4,9,449,1,1,1,0,0
137,137,Kolkata,4470000,0.0,0.0,0.0,4,4,0,4,4,4,4,4,4,4,4,4,4,4,4,48,1,4,1,140,1,1,1,0,0
138,138,Kolkata,11000000,2.0,0.0,0.0,3,4,3,4,4,4,4,4,4,4,4,4,4,4,4,47,1,4,7,980,1,1,1,0,0
139,139,Kolkata,6630000,1.0,2.0,1.0,3,4,0,4,4,4,4,4,4,4,4,4,4,4,4,45,1,4,1,0,1,1,1,0,0
140,140,Kolkata,8800000,2.0,0.0,0.0,4,4,0,4,4,4,4,4,4,4,4,4,4,4,4,46,1,4,1,476,1,1,1,0,0
141,141,Kolkata,4600000,1.0,2.0,1.0,4,4,0,4,4,4,4,4,4,4,4,4,4,4,4,45,1,4,7,985,1,1,1,0,0
142,144,Kolkata,8180000,1.0,2.0,1.0,3,4,0,4,4,4,4,4,3,4,4,4,4,4,4,45,1,4,3,406,1,1,1,0,0
143,143,Kolkata,3410000,0.0,0.0,0.0,4,4,0,4,4,4,4,4,4,4,4,4,4,4,4,45,1,4,9,1064,1,1,1,0,0
144,144,Kolkata,4810000,0.0,0.0,0.0,4,4,3,4,4,4,4,4,4,4,4,4,4,4,4,46,1,4,16,0,1,1,1,0,0
145,145,Kolkata,4480000,2.0,0.0,0.0,3,4,0,4,4,4,4,4,4,4,3,4,3,4,4,46,1,4,4,86,1,1,1,0,0
146,146,Kolkata,4400000,2.0,0.0,0.0,4,4,3,4,4,4,4,4,4,4,3,4,4,4,4,44,1,4,5,160,1,1,1,0,0
147,147,Kolkata,4340000,1.0,2.0,1.0,4,4,0,4,4,4,4,4,4,4,3,4,3,4,4,44,1,4,40,1030,1,1,1,0,0
148,148,Kolkata,3570000,0.0,0.0,0.0,4,4,3,4,4,4,4,4,4,4,3,4,4,4,4,44,1,4,1,15,1,1,1,0,0
149,149,Kolkata,4590000,1.0,2.0,1.0,4,4,3,4,4,4,4,4,4,4,4,4,3,4,4,44,1,4,4,134,1,1,1,0,0
150,150,Kolkata,5140000,1.0,2.0,1.0,4,4,0,4,4,4,4,4,4,4,4,4,4,4,4,45,1,4,4,474,1,1,1,0,0
151,151,Surat,8540000,0.0,0.0,0.0,3,3,1,4,4,4,4,4,4,4,4,4,4,4,4,47,1,4,8,416,1,1,1,0,0
152,154,Surat,10600000,0.0,0.0,0.0,3,3,1,4,4,4,4,4,4,4,4,4,4,4,4,47,1,4,3,140,1,1,1,0,0
153,153,Surat,9000000,0.0,0.0,0.0,3,3,1,4,4,4,4,4,4,4,4,4,4,4,4,47,1,4,8,416,1,1,1,0,0
154,154,Surat,7500000,0.0,0.0,0.0,3,3,3,4,4,4,4,4,4,4,4,3,3,3,4,44,1,4,15,495,1,1,1,0,0
155,155,Pune,6450000,2.0,0.0,0.0,3,4,0,4,4,4,4,4,4,4,4,4,3,4,4,44,1,4,1,116,1,1,1,0,0
156,156,Pune,13000000,1.0,2.0,0.0,3,3,0,4,4,4,4,4,4,4,3,4,4,4,4,46,1,4,4,444,1,1,1,0,0
157,157,Pune,6640000,2.0,0.0,0.0,4,4,0,4,4,4,4,4,4,4,4,4,4,4,4,46,1,4,4,350,1,1,1,0,0
158,158,Pune,9850000,2.0,0.0,0.0,3,3,0,4,4,4,4,4,4,4,4,4,4,4,4,46,1,4,4,900,1,1,1,0,0
159,159,Pune,7530000,1.0,2.0,2.0,4,4,0,4,4,4,4,4,4,4,4,4,4,4,4,45,1,4,4,488,1,1,1,0,0
160,160,Pune,1000000,0.0,0.0,0.0,4,4,3,4,4,4,4,4,4,4,3,4,4,4,4,46,1,4,1,30,1,1,1,0,0
161,161,Pune,5400000,2.0,0.0,0.0,4,4,0,4,4,4,4,4,4,4,4,4,4,3,4,45,1,4,1,149,1,1,1,0,0
162,164,Pune,3840000,2.0,0.0,0.0,1,1,0,4,4,4,4,3,4,4,3,4,4,3,4,45,1,4,5,360,1,1,1,0,0
163,163,Pune,8000000,2.0,0.0,0.0,4,4,0,4,4,4,4,4,4,4,4,4,4,4,4,45,1,4,1,44,1,1,1,0,0
164,164,Pune,5600000,1.0,2.0,1.0,4,4,0,4,3,4,4,3,4,4,3,4,4,4,4,43,1,4,5,440,1,1,1,0,0
165,165,Pune,4770000,1.0,2.0,1.0,4,4,0,4,3,4,4,4,4,4,3,4,3,4,4,43,1,4,4,141,1,1,1,0,0
166,166,Pune,5340000,2.0,0.0,0.0,4,4,0,4,4,4,4,4,4,4,4,4,4,3,4,46,1,4,35,1800,1,1,1,0,0
167,167,Pune,4550000,1.0,2.0,2.0,4,4,3,4,4,4,4,4,4,4,4,4,3,4,4,44,1,4,1,88,1,1,1,0,0
168,168,Pune,8680000,2.0,0.0,0.0,3,3,0,4,4,4,4,4,4,4,4,4,4,4,4,46,1,4,3,164,1,1,1,0,0
169,169,Pune,4840000,1.0,2.0,1.0,4,4,0,4,3,4,3,4,4,4,3,4,4,4,4,44,1,4,5,746,1,1,1,0,0
170,170,Pune,5030000,2.0,0.0,0.0,4,4,0,4,4,4,4,4,4,4,4,4,4,4,4,44,1,4,4,94,1,1,1,0,0
171,171,Pune,4870000,2.0,0.0,0.0,4,4,0,4,3,4,4,4,4,4,3,4,4,4,4,44,1,4,1,178,1,1,1,0,0
172,174,Pune,9300000,1.0,2.0,0.0,4,4,0,4,4,4,4,4,4,4,3,4,4,4,4,44,1,4,4,400,1,1,1,0,0
173,173,Pune,6130000,1.0,2.0,1.0,4,4,3,4,4,4,4,3,4,4,3,4,4,3,4,45,1,4,1,134,1,1,1,0,0
174,174,Pune,14400000,1.0,2.0,0.0,3,3,0,4,4,4,4,4,4,4,4,4,4,4,4,45,1,4,4,119,1,1,1,0,0
175,175,Pune,4540000,1.0,2.0,1.0,4,4,0,4,4,4,4,4,4,4,3,4,3,4,4,44,1,4,10,656,1,1,1,0,0
176,176,Pune,7600000,1.0,2.0,1.0,4,4,0,4,3,4,4,4,4,4,3,4,4,4,4,44,1,4,3,444,1,1,1,0,0
177,177,Pune,4400000,2.0,0.0,0.0,1,1,0,4,4,4,4,3,4,4,3,4,4,4,4,45,1,4,13,614,1,1,1,0,0
178,178,Pune,7760000,2.0,0.0,0.0,4,4,0,4,4,4,4,4,4,4,4,4,4,4,4,45,1,4,6,300,1,1,1,0,0
179,179,Pune,9730000,2.0,0.0,0.0,4,4,0,4,4,4,4,4,4,4,3,4,4,4,4,46,1,4,5,198,1,1,1,0,0
180,180,Pune,4980000,2.0,0.0,0.0,4,4,0,4,3,4,4,3,4,4,3,4,4,4,4,43,1,4,3,401,1,1,1,0,0
181,181,Pune,7510000,2.0,0.0,0.0,4,4,0,4,4,4,4,4,4,4,3,4,4,4,4,44,1,4,4,89,1,1,1,0,0
182,184,Pune,6000000,2.0,0.0,0.0,4,4,0,4,3,4,4,3,4,4,3,4,4,4,4,43,1,4,6,460,1,1,1,0,0
183,183,Pune,6090000,2.0,0.0,0.0,1,1,0,4,4,4,4,4,4,4,4,4,4,4,4,45,1,4,4,130,1,1,1,0,0
184,184,Pune,3630000,1.0,2.0,1.0,4,4,3,4,4,4,4,3,4,4,3,4,3,4,4,44,1,4,4,185,1,1,1,0,0
185,185,Jaipur,3980000,2.0,0.0,0.0,3,4,0,4,4,4,4,4,4,4,3,4,4,4,4,46,1,4,5,498,1,1,1,0,0
186,186,Jaipur,4350000,1.0,2.0,1.0,4,4,3,4,4,4,4,4,4,4,3,4,3,3,3,45,1,4,3,376,1,1,1,0,0
187,187,Jaipur,4900000,2.0,0.0,0.0,4,4,0,4,4,4,4,4,4,4,3,4,4,4,4,46,1,4,0,81,1,1,1,0,0
188,188,Jaipur,1850000,2.0,0.0,0.0,4,4,0,4,4,4,4,4,4,4,3,4,3,3,3,45,1,4,3,503,1,1,1,0,0
189,189,Jaipur,4350000,2.0,0.0,0.0,4,4,0,4,4,4,4,3,4,4,4,3,3,3,3,44,1,4,4,558,1,1,1,0,0
190,190,Jaipur,1080000,1.0,2.0,1.0,1,1,0,4,4,4,4,4,4,4,3,4,4,4,4,46,1,4,4,557,1,1,1,0,0
191,191,Jaipur,4730000,1.0,2.0,0.0,4,4,0,4,4,4,4,4,4,4,3,4,3,3,3,45,1,4,7,754,1,1,1,0,0
192,194,Jaipur,4430000,2.0,0.0,0.0,4,4,3,4,4,4,4,4,4,4,3,4,3,3,3,45,1,4,48,1400,1,1,1,0,0
193,193,Jaipur,4600000,2.0,0.0,0.0,3,3,3,4,4,4,4,4,4,4,3,4,4,4,4,46,1,4,7,110,1,1,1,0,0
194,194,Jaipur,14000000,1.0,2.0,2.0,3,3,0,4,4,4,4,4,4,4,3,4,4,4,4,46,1,4,4,60,1,1,1,0,0
195,195,Jaipur,4550000,2.0,0.0,0.0,4,4,0,4,4,4,4,4,4,4,3,4,3,3,3,45,1,4,4,457,1,1,1,0,0
196,196,Jaipur,3600000,0.0,0.0,0.0,4,4,3,4,4,4,4,4,4,4,3,4,4,4,4,46,1,4,6,374,1,1,1,0,0
197,197,Jaipur,3400000,1.0,2.0,2.0,4,4,3,4,4,4,4,4,4,4,4,4,3,4,3,45,1,4,1,60,1,1,1,0,0
198,198,Jaipur,7380000,0.0,0.0,0.0,4,4,0,4,4,4,4,4,4,4,4,4,4,4,4,45,1,4,1,44,1,1,1,0,0
199,199,Jaipur,3600000,1.0,2.0,2.0,3,3,3,4,4,4,4,4,4,4,3,4,4,4,4,46,1,4,1,70,1,1,1,0,0
200,400,Jaipur,4330000,1.0,2.0,2.0,3,4,0,4,4,4,4,4,4,4,4,4,3,4,3,45,1,4,1,48,1,1,1,0,0
201,401,Jaipur,13500000,2.0,0.0,0.0,3,3,3,4,4,4,4,4,4,4,4,4,4,4,4,47,1,4,3,444,1,1,1,0,0
202,404,Jaipur,8000000,1.0,2.0,0.0,3,3,0,4,4,4,4,4,4,4,3,4,4,4,4,46,1,4,0,71,1,1,1,0,0
203,403,Jaipur,3930000,0.0,0.0,0.0,4,4,3,4,4,4,4,4,4,4,3,4,3,3,3,45,1,4,4,86,1,1,1,0,0
204,404,Jaipur,5750000,1.0,2.0,2.0,3,3,3,4,4,4,4,4,4,4,4,4,3,4,3,45,1,4,4,416,1,1,1,0,0
205,405,Jaipur,4300000,0.0,0.0,0.0,4,4,3,4,4,4,4,4,4,4,4,4,4,4,4,5,1,4,48,1400,1,1,1,0,0
206,406,Jaipur,5110000,1.0,2.0,1.0,3,3,0,4,4,4,4,4,4,4,4,4,4,4,4,47,1,4,1,119,1,1,1,0,0
207,407,Jaipur,14500000,0.0,0.0,0.0,3,4,1,4,4,4,4,4,4,4,4,4,4,4,4,45,1,4,4,454,1,1,1,0,0
208,408,Kanpur,5400000,0.0,0.0,1.0,4,4,3,4,4,4,4,4,4,4,4,5,3,4,3,48,1,4,5,300,1,1,1,0,0
209,409,Kanpur,8960000,0.0,1.0,0.0,3,4,0,4,4,4,4,4,4,4,4,5,3,4,3,48,1,4,4,456,1,1,1,0,0
210,410,Nagpur,6080000,1.0,2.0,1.0,4,4,0,4,4,4,4,4,4,4,4,4,3,4,3,44,1,4,1,69,1,1,1,0,0
211,411,Nagpur,5060000,2.0,0.0,0.0,4,4,0,4,4,4,4,3,4,4,4,4,3,4,3,46,1,4,40,4600,1,1,1,0,0
212,414,Nagpur,4990000,0.0,0.0,0.0,4,4,3,4,4,4,4,4,4,4,3,4,4,4,3,46,1,4,111,4140,1,1,1,0,0
213,413,Nagpur,3040000,1.0,2.0,2.0,4,4,3,4,4,4,4,4,4,4,3,3,3,4,4,43,1,4,1,0,1,1,1,0,0
214,414,Nagpur,4410000,2.0,0.0,0.0,4,4,3,4,4,4,4,4,4,4,4,4,4,4,4,46,1,4,1,100,1,1,1,0,0
215,415,Nagpur,7500000,2.0,0.0,0.0,3,3,0,4,4,4,4,4,4,4,3,4,4,4,4,46,1,4,3,360,1,1,1,0,0
216,416,Nagpur,1500000,1.0,2.0,1.0,1,1,0,4,4,4,4,4,4,4,4,4,4,4,4,47,1,4,4,153,1,1,1,0,0
217,417,Nagpur,4000000,0.0,0.0,0.0,4,4,3,4,4,4,4,4,4,4,4,4,4,4,4,46,1,4,1,7,1,1,1,0,0
218,418,Nagpur,3690000,0.0,0.0,0.0,4,4,3,4,4,4,4,4,4,4,3,4,4,4,3,46,1,4,8,414,1,1,1,0,0
219,419,Nagpur,4870000,1.0,2.0,2.0,4,4,0,3,3,4,4,3,4,4,3,4,3,3,3,41,1,4,1,71,1,1,1,0,0
220,440,Nagpur,3150000,0.0,0.0,0.0,4,4,0,4,4,4,4,4,4,4,4,4,4,4,4,43,1,4,1,60,1,1,1,0,0
221,441,Nagpur,3570000,0.0,0.0,0.0,4,4,1,3,3,4,4,3,4,4,3,4,3,3,3,41,1,4,3,144,1,1,1,0,0
222,444,Nagpur,4700000,0.0,0.0,0.0,4,4,1,3,3,4,4,3,4,4,3,4,3,3,3,41,1,4,0,464,1,1,1,0,0
223,443,Nagpur,3500000,0.0,0.0,0.0,4,4,3,4,4,4,4,4,4,4,3,4,3,3,4,44,1,4,14,495,1,1,1,0,0
224,444,Nagpur,6000000,0.0,0.0,0.0,3,3,3,4,4,4,4,3,4,4,4,4,3,4,3,46,1,4,5,341,1,1,1,0,0
225,445,Nagpur,9100000,0.0,0.0,0.0,4,3,3,4,4,4,4,4,4,4,4,4,4,4,4,45,1,4,13,0,1,1,1,0,0
226,446,Indore,11600000,2.0,0.0,0.0,3,4,3,4,4,4,4,3,4,3,5,5,3,4,4,5,1,4,3,165,1,1,1,0,0
227,447,Indore,1900000,1.0,2.0,0.0,4,4,3,4,3,4,4,4,4,4,3,4,3,3,3,44,1,4,3,344,1,1,1,0,0
228,448,Indore,1000000,2.0,0.0,0.0,3,3,3,4,4,4,4,4,4,4,3,4,4,4,4,47,1,4,7,544,1,1,1,0,0
229,449,Indore,43100000,1.0,2.0,0.0,5,5,3,4,4,4,4,4,4,4,3,4,4,4,4,47,1,6,9,908,1,1,1,0,0
230,430,Indore,4540000,2.0,0.0,0.0,4,4,3,4,4,4,4,4,4,4,4,4,3,4,3,47,1,4,8,354,1,1,1,0,0
231,431,Indore,1790000,2.0,0.0,0.0,4,4,3,4,4,4,4,4,4,4,3,4,4,4,4,46,1,4,5,1000,1,1,1,0,0
232,434,Indore,4610000,0.0,0.0,0.0,1,1,3,4,5,5,4,5,5,5,4,4,4,5,5,5,1,4,0,15,1,1,1,0,0
233,433,Indore,3000000,0.0,0.0,0.0,4,4,1,4,4,4,4,3,4,4,4,4,4,4,4,47,1,4,14,140,1,1,1,0,0
234,434,Indore,7150000,0.0,0.0,0.0,3,3,3,4,4,4,4,4,4,4,4,4,4,4,4,47,1,4,6,35,1,1,1,0,0
235,435,Indore,6600000,0.0,0.0,0.0,3,3,1,4,4,4,4,4,4,4,4,4,4,4,4,43,1,3,0,196,0,0,0,1,0
236,436,Indore,1950000,0.0,0.0,0.0,1,1,1,4,4,4,4,4,4,4,3,4,3,4,3,44,1,4,1,54,1,1,1,0,0
237,437,Indore,7480000,1.0,2.0,0.0,3,3,0,4,4,4,4,4,4,4,4,4,3,4,3,47,1,4,4,0,1,1,1,0,0
238,438,Indore,9870000,2.0,0.0,0.0,3,3,3,4,4,4,4,4,4,4,4,4,4,4,4,47,1,4,4,80,1,1,1,0,0
239,439,Indore,4900000,2.0,0.0,0.0,4,4,0,4,4,4,4,4,4,4,3,4,3,4,3,44,1,5,1,54,1,1,1,0,0
240,440,Indore,9500000,0.0,0.0,0.0,3,4,3,4,4,4,4,3,4,4,4,4,4,3,3,46,1,4,1,60,1,1,1,0,0
241,441,Indore,4040000,2.0,0.0,0.0,1,1,0,3,4,4,4,4,4,4,4,4,4,4,4,45,1,4,4,314,1,1,1,0,0
242,444,Indore,3440000,1.0,2.0,1.0,4,4,3,4,4,4,4,4,4,4,4,4,4,4,4,45,1,4,11,434,1,1,1,0,0
243,443,Thane,4400000,2.0,0.0,0.0,1,4,0,4,4,4,4,4,3,4,3,4,4,4,4,44,1,4,3,400,1,1,1,0,0
244,444,Thane,6500000,1.0,2.0,2.0,1,4,3,4,3,4,4,4,3,4,3,4,4,4,4,44,1,5,1,146,1,1,1,0,0
245,445,Thane,3650000,2.0,0.0,0.0,1,4,0,4,4,4,4,4,4,4,3,4,4,4,4,44,1,4,3,500,1,1,1,0,0
246,446,Thane,7150000,2.0,0.0,0.0,4,4,0,4,4,4,4,4,3,4,3,4,4,4,4,44,1,4,4,416,1,1,1,0,0
247,447,Thane,4500000,1.0,2.0,1.0,1,4,0,4,4,4,4,4,4,4,3,4,4,4,4,44,1,4,1,0,1,1,1,0,0
248,448,Thane,14100000,2.0,0.0,0.0,4,4,0,4,4,4,4,4,4,4,3,4,4,4,4,47,1,5,5,564,1,1,1,0,0
249,449,Thane,4580000,2.0,0.0,0.0,1,4,0,4,4,4,3,4,4,4,3,3,3,3,3,44,1,4,3,440,1,1,1,0,0
250,450,Thane,1060000,2.0,0.0,0.0,1,1,3,4,4,4,4,3,4,4,4,4,3,3,4,46,1,4,7,845,1,1,1,0,0
251,451,Thane,11800000,2.0,0.0,0.0,4,4,0,4,4,4,4,4,3,4,3,4,4,4,4,45,1,4,1,354,1,1,1,0,0
252,454,Thane,5150000,0.0,1.0,0.0,1,1,0,4,3,4,4,4,3,4,3,4,4,4,4,44,1,4,1,131,1,1,1,0,0
253,453,Thane,14700000,2.0,0.0,0.0,4,4,0,4,4,4,4,4,4,4,3,4,4,4,4,44,1,4,4,648,1,1,1,0,0
254,454,Thane,3630000,0.0,1.0,0.0,4,4,0,3,4,4,4,3,4,4,3,3,3,3,4,43,1,4,6,478,1,1,1,0,0
255,455,Thane,6500000,2.0,0.0,0.0,4,4,0,4,4,4,4,4,4,4,3,4,4,4,4,44,1,4,30,1800,1,1,1,0,0
256,456,Thane,4900000,2.0,0.0,0.0,1,4,0,4,4,4,4,4,3,4,3,4,4,4,4,44,1,4,11,4044,1,1,1,0,0
257,457,Thane,6650000,2.0,0.0,0.0,4,4,0,4,4,4,4,4,4,4,3,4,4,4,4,44,1,4,30,1800,1,1,1,0,0
258,458,Thane,7300000,2.0,0.0,0.0,4,4,0,4,4,4,4,4,4,4,3,4,4,4,4,44,1,4,5,434,1,1,1,0,0
259,459,Thane,3160000,2.0,0.0,0.0,4,4,0,4,4,4,4,3,4,4,3,4,4,4,4,43,1,4,6,400,1,1,1,0,0
260,460,Thane,17000000,1.0,2.0,1.0,3,4,0,4,4,4,4,4,4,4,4,4,4,4,4,46,1,4,48,4958,1,1,1,0,0
261,461,Thane,8000000,2.0,0.0,0.0,4,4,0,4,4,4,4,4,4,4,3,4,4,4,4,44,1,4,0,34,1,1,1,0,0
262,464,Thane,3430000,1.0,2.0,1.0,1,1,0,4,4,4,4,4,3,4,3,4,4,4,4,44,1,4,0,79,1,1,1,0,0
263,463,Thane,4560000,1.0,2.0,1.0,1,4,3,4,4,4,4,4,4,4,3,4,4,4,4,44,1,4,44,150,1,1,1,0,0
264,464,Thane,9440000,2.0,0.0,0.0,1,1,0,4,4,4,4,4,3,4,3,4,4,4,4,45,1,4,4,344,1,1,1,0,0
265,465,Thane,4500000,2.0,0.0,0.0,1,4,0,4,3,4,4,4,4,4,4,4,4,4,4,44,1,4,4,70,1,1,1,0,0
266,466,Thane,4000000,1.0,2.0,0.0,1,1,0,4,4,4,4,4,4,4,3,4,4,4,4,44,1,4,3,500,1,1,1,0,0
267,467,Thane,4800000,1.0,2.0,1.0,4,4,0,3,3,3,3,3,3,3,3,3,3,3,4,35,1,4,1,454,1,1,1,0,0
268,468,Thane,47700000,0.0,0.0,0.0,3,3,0,4,4,4,4,4,4,4,3,4,4,4,4,46,1,4,1,55,1,1,1,0,0
269,469,Bhopal,11000000,1.0,2.0,1.0,3,3,3,4,4,4,4,4,4,4,4,4,4,4,4,46,1,4,6,108,1,1,1,0,0
270,470,Bhopal,4400000,2.0,0.0,0.0,4,4,0,4,4,4,4,3,4,4,3,4,3,4,4,43,1,4,5,384,1,1,1,0,0
271,471,Bhopal,4400000,2.0,0.0,0.0,3,3,0,4,4,4,4,4,4,4,4,4,4,4,4,47,1,4,0,150,1,1,1,0,0
272,474,Bhopal,4940000,2.0,0.0,0.0,4,4,3,4,4,4,4,4,4,4,4,4,4,4,4,47,1,4,4,430,1,1,1,0,0
273,473,Bhopal,5130000,2.0,0.0,0.0,4,3,3,4,4,4,4,4,4,4,4,4,3,4,4,46,1,4,0,135,1,1,1,0,0
274,474,Bhopal,3640000,2.0,0.0,0.0,3,3,3,4,4,4,4,3,4,4,3,4,3,4,4,44,1,4,0,451,1,1,1,0,0
275,475,Bhopal,4100000,0.0,0.0,0.0,3,3,3,4,4,4,4,3,4,4,3,4,3,4,4,43,1,4,45,674,1,1,1,0,0
276,476,Bhopal,3500000,0.0,0.0,0.0,3,3,3,4,4,4,4,4,4,4,4,4,4,4,4,47,1,4,4,0,1,1,1,0,0
277,477,Bhopal,13000000,0.0,0.0,0.0,4,4,3,4,4,4,4,4,4,4,4,4,4,4,4,47,1,4,0,608,1,1,1,0,0
278,478,Visakhapatnam,8500000,2.0,0.0,0.0,3,3,0,4,5,4,5,5,4,5,3,5,5,5,5,5,1,5,1,174,1,1,0,0,1
279,479,Visakhapatnam,6430000,1.0,2.0,1.0,3,3,0,4,4,4,4,4,4,4,3,4,3,4,3,45,1,4,7,459,1,1,1,0,0
280,480,Visakhapatnam,17900000,0.0,0.0,0.0,4,5,0,4,4,4,4,4,4,4,3,4,4,4,4,46,1,6,0,40,1,1,1,0,0
281,481,Visakhapatnam,3380000,2.0,0.0,0.0,4,4,0,4,4,4,4,4,4,4,4,3,4,3,4,44,1,4,1,70,1,1,1,0,0
282,484,Visakhapatnam,7050000,2.0,0.0,0.0,3,4,3,4,4,4,4,4,4,4,3,4,4,4,4,46,1,4,14,1448,1,1,1,0,0
283,483,Visakhapatnam,6680000,2.0,0.0,0.0,3,3,0,4,4,4,4,4,4,4,3,4,4,4,4,46,1,4,1,147,1,1,1,0,0
284,484,Visakhapatnam,4680000,1.0,2.0,1.0,4,4,0,4,5,4,5,5,4,5,3,5,5,5,5,5,1,4,6,4000,1,1,0,0,1
285,485,Visakhapatnam,8950000,0.0,0.0,0.0,3,3,3,3,4,4,4,4,4,4,3,4,4,3,3,46,1,4,1,45,1,1,1,0,0
286,486,Visakhapatnam,6140000,2.0,0.0,0.0,4,4,0,4,4,4,4,4,4,4,3,4,4,4,4,46,1,4,4,480,1,1,1,0,0
287,487,Visakhapatnam,4980000,1.0,2.0,0.0,4,4,0,4,5,4,5,5,4,5,3,5,5,5,5,5,1,4,1,369,1,1,0,0,1
288,488,Visakhapatnam,4400000,0.0,0.0,0.0,4,4,3,4,4,4,4,4,4,4,3,4,4,4,4,44,1,4,15,444,1,1,1,0,0
289,489,Visakhapatnam,4680000,1.0,2.0,1.0,4,4,0,5,5,4,4,4,5,5,4,5,5,5,5,46,1,4,1,160,1,1,1,0,0
290,490,Visakhapatnam,4100000,1.0,2.0,0.0,4,4,0,4,4,4,4,4,4,4,3,4,4,4,4,44,1,4,8,350,1,1,1,0,0
291,491,Visakhapatnam,5300000,0.0,0.0,0.0,3,3,3,4,4,4,4,4,4,4,3,4,4,4,4,44,1,4,8,350,1,1,1,0,0
292,494,Visakhapatnam,13000000,0.0,0.0,0.0,3,3,3,4,4,4,5,4,4,4,4,4,3,4,4,48,1,4,0,154,1,1,1,0,0
293,493,Pimpri-Chinchwad,6570000,0.0,0.0,0.0,4,4,1,4,4,4,4,4,4,4,4,4,4,4,4,44,1,4,5,500,1,1,1,0,0
294,494,Patna,10400000,1.0,2.0,2.0,3,4,0,4,4,4,4,4,4,4,4,4,3,4,4,46,1,4,3,48,1,1,1,0,0
295,495,Patna,4810000,1.0,2.0,1.0,4,4,0,4,4,4,3,4,4,4,5,3,4,3,3,45,1,4,4,430,1,1,1,0,0
296,496,Patna,4480000,0.0,0.0,0.0,4,4,1,4,4,4,3,4,4,4,5,3,4,3,3,45,1,4,4,430,1,1,1,0,0
297,497,Patna,7000000,0.0,0.0,0.0,4,4,3,4,4,4,4,4,4,4,3,4,4,4,4,45,1,4,8,364,1,1,1,0,0
298,498,Patna,43000000,0.0,0.0,0.0,4,5,3,4,4,4,4,4,3,4,3,3,3,3,4,45,1,4,1,44,1,1,1,0,0
299,499,Patna,6730000,1.0,2.0,0.0,3,4,0,4,4,4,4,4,4,4,3,4,4,4,4,45,1,4,1,53,1,1,1,0,0
300,300,Patna,3600000,1.0,2.0,2.0,1,4,3,4,4,4,4,4,4,4,3,4,4,4,4,45,1,4,8,364,1,1,1,0,0
301,301,Patna,10400000,1.0,2.0,2.0,3,4,0,4,4,4,4,4,4,4,4,4,4,4,4,47,1,4,4,136,1,1,1,0,0
302,304,Vadodara,8500000,1.0,2.0,1.0,4,4,0,4,4,4,4,3,4,4,4,4,4,4,4,47,1,4,6,101,1,1,1,0,0
303,303,Vadodara,15500000,1.0,2.0,1.0,4,5,0,4,4,4,4,3,4,4,4,4,4,4,4,47,1,4,0,114,1,1,1,0,0
304,304,Vadodara,6500000,2.0,0.0,0.0,3,3,0,4,3,4,4,3,4,3,3,4,3,3,3,44,1,4,4,84,1,1,1,0,0
305,305,Vadodara,4450000,2.0,0.0,0.0,3,4,0,4,4,4,4,4,4,4,3,4,3,4,4,43,1,6,10,474,1,1,1,0,0
306,306,Vadodara,5500000,0.0,0.0,0.0,4,4,0,4,4,4,4,4,4,4,3,4,4,4,4,43,1,4,0,110,1,1,1,0,0
307,307,Vadodara,4850000,2.0,0.0,0.0,3,3,0,4,4,4,4,4,4,4,3,4,4,4,4,43,1,4,4,454,1,1,1,0,0
308,308,Vadodara,8150000,2.0,0.0,0.0,4,4,0,3,3,3,3,4,4,3,3,4,3,4,3,43,1,4,0,15,1,1,1,0,0
309,309,Vadodara,9550000,2.0,0.0,0.0,3,3,0,4,4,4,4,3,4,4,4,4,4,4,4,47,1,4,8,444,1,1,1,0,0
310,310,Vadodara,3500000,1.0,2.0,1.0,3,4,3,4,4,4,4,3,4,4,4,4,4,4,4,47,1,4,4,176,1,1,1,0,0
311,311,Vadodara,15600000,0.0,0.0,0.0,3,4,0,4,4,4,4,4,4,4,4,4,4,4,4,47,1,4,6,456,1,1,1,0,0
312,314,Vadodara,5500000,2.0,0.0,0.0,3,3,3,4,4,4,4,4,4,4,4,4,4,4,4,47,1,4,45,619,1,1,1,0,0
313,313,Vadodara,4440000,0.0,1.0,1.0,3,3,0,4,4,4,4,4,4,4,3,4,3,4,4,43,1,4,0,450,1,1,1,0,0
314,314,Vadodara,6500000,2.0,0.0,0.0,3,3,0,4,4,4,4,4,4,4,3,4,4,4,4,43,1,4,0,50,1,1,1,0,0
315,315,Vadodara,3500000,0.0,0.0,0.0,4,4,0,4,4,4,4,4,4,4,4,4,4,4,3,45,1,4,5,471,1,1,1,0,0
316,316,Vadodara,4500000,1.0,2.0,1.0,3,3,3,4,3,4,4,3,4,3,3,4,3,3,3,44,1,4,3,60,1,1,1,0,0
317,317,Vadodara,3150000,1.0,2.0,1.0,4,4,0,4,4,4,4,3,4,4,4,4,4,4,4,47,1,4,4,44,1,1,1,0,0
318,318,Vadodara,4100000,2.0,0.0,0.0,3,3,0,4,4,4,4,3,4,4,4,4,4,4,4,47,1,4,1,88,1,1,1,0,0
319,319,Vadodara,3000000,2.0,0.0,0.0,3,3,3,4,4,4,4,3,4,4,3,4,4,4,4,44,1,4,8,416,1,1,1,0,0
320,340,Vadodara,14500000,1.0,2.0,0.0,4,3,3,4,4,4,4,4,4,4,3,4,4,4,4,46,1,4,0,43,1,1,1,0,0
321,341,Vadodara,4430000,0.0,1.0,0.0,3,3,3,4,4,4,4,3,4,4,4,4,4,4,4,47,1,4,10,450,1,1,1,0,0
322,344,Vadodara,6500000,0.0,0.0,0.0,3,3,0,4,4,4,4,4,4,4,3,4,4,4,4,46,1,4,4,96,1,1,1,0,0
323,343,Vadodara,16500000,0.0,0.0,0.0,4,5,0,4,4,4,4,3,4,4,4,4,4,3,3,44,1,4,0,14,1,1,1,0,0
324,344,Vadodara,6500000,2.0,0.0,0.0,3,3,3,4,4,4,4,3,4,4,4,4,4,4,4,47,1,4,4,134,1,1,1,0,0
325,345,Vadodara,4500000,1.0,2.0,1.0,3,3,0,4,4,4,4,4,4,4,4,4,4,4,4,47,1,4,4,94,1,1,1,0,0
326,346,Vadodara,8000000,0.0,0.0,0.0,4,4,0,4,4,4,4,4,4,4,3,4,4,4,4,46,1,4,1,50,1,1,1,0,0
327,347,Vadodara,6450000,1.0,2.0,1.0,4,5,0,4,4,4,4,4,4,4,4,4,4,4,4,47,1,4,4,0,1,1,1,0,0
328,348,Vadodara,7950000,0.0,0.0,0.0,4,4,1,5,4,4,4,4,4,4,4,4,4,3,4,45,1,4,0,644,1,1,1,0,0
329,349,Ghaziabad,3860000,2.0,0.0,0.0,4,4,0,4,4,4,4,3,4,4,3,4,4,3,4,45,1,4,4,917,1,1,1,0,0
330,330,Ghaziabad,3750000,1.0,2.0,0.0,4,4,3,4,4,4,4,4,4,4,4,4,3,4,4,46,1,4,44,4508,1,1,1,0,0
331,331,Ghaziabad,48000000,2.0,0.0,0.0,5,3,3,4,4,4,4,4,4,4,3,4,4,4,4,46,1,4,10,50,1,1,1,0,0
332,334,Ghaziabad,9090000,2.0,0.0,0.0,3,3,3,4,4,4,4,4,4,4,3,4,4,4,4,45,1,4,14,1650,1,1,1,0,0
333,333,Ghaziabad,41300000,2.0,0.0,0.0,4,4,3,4,4,4,4,4,4,4,3,4,4,4,4,46,1,4,8,1640,1,1,1,0,0
334,334,Ghaziabad,3370000,2.0,0.0,0.0,4,4,0,4,4,4,4,4,4,4,3,4,4,4,4,46,1,4,3,750,1,1,1,0,0
335,335,Ghaziabad,11800000,1.0,2.0,2.0,3,4,0,4,4,4,4,4,4,4,4,4,3,4,4,46,1,4,5,740,1,1,1,0,0
336,336,Ghaziabad,4490000,2.0,0.0,0.0,4,4,0,4,4,4,4,4,4,4,3,4,3,3,4,45,1,4,4,419,1,1,1,0,0
337,337,Ghaziabad,48300000,1.0,2.0,0.0,4,4,0,4,4,4,4,4,4,4,3,4,4,4,4,46,1,4,4,494,1,1,1,0,0
338,338,Ghaziabad,7440000,2.0,0.0,0.0,3,3,0,4,4,4,4,4,4,4,3,4,4,4,4,45,1,4,14,788,1,1,1,0,0
339,339,Ghaziabad,9480000,2.0,0.0,0.0,3,3,0,4,4,4,4,4,4,4,4,4,3,4,4,46,1,4,5,740,1,1,1,0,0
340,340,Ghaziabad,6900000,1.0,2.0,1.0,3,3,0,4,4,4,4,4,4,4,3,4,4,4,4,45,1,4,14,788,1,1,1,0,0
341,341,Ghaziabad,16100000,2.0,0.0,0.0,4,4,3,4,4,4,4,4,4,4,3,4,4,4,4,46,1,4,1,40,1,1,1,0,0
342,344,Ghaziabad,4630000,1.0,2.0,0.0,4,4,3,4,4,4,4,4,4,4,3,4,4,4,4,45,1,4,14,900,1,1,1,0,0
343,343,Ghaziabad,14800000,0.0,1.0,0.0,3,3,3,4,4,4,4,4,4,4,3,4,4,4,4,46,1,4,14,896,1,1,1,0,0
344,344,Ghaziabad,5830000,1.0,2.0,2.0,3,4,0,4,4,4,4,4,4,4,4,4,3,4,4,46,1,4,5,841,1,1,1,0,0
345,345,Ghaziabad,5190000,1.0,2.0,2.0,4,4,3,4,4,4,4,4,4,4,4,4,3,4,4,46,1,4,7,1174,1,1,1,0,0
346,346,Ghaziabad,6350000,0.0,0.0,0.0,3,4,3,4,4,4,4,4,4,4,4,4,3,4,4,46,1,4,44,4508,1,1,1,0,0
347,347,Ghaziabad,6480000,0.0,0.0,0.0,3,4,1,4,4,4,4,4,4,4,4,4,3,4,4,46,1,4,0,400,1,1,1,0,0
348,348,Ghaziabad,5090000,1.0,2.0,1.0,4,4,3,4,4,4,4,4,4,4,4,4,3,4,4,46,1,4,7,1174,1,1,1,0,0
349,349,Ghaziabad,4300000,0.0,0.0,0.0,3,4,1,4,4,4,4,4,4,4,3,4,3,3,4,45,1,4,8,944,1,1,1,0,0
350,350,Ludhiana,14000000,0.0,0.0,0.0,4,4,1,4,4,4,4,4,4,4,3,4,3,3,4,46,1,4,10,0,1,1,1,0,0
351,351,Ludhiana,10500000,0.0,0.0,0.0,3,3,3,4,4,4,4,4,4,4,3,4,3,3,4,46,1,4,10,0,1,1,1,0,0
352,354,Ludhiana,19000000,0.0,0.0,2.0,4,4,1,4,4,4,4,4,4,4,3,4,3,3,4,46,1,4,7,488,1,1,1,0,0
353,353,Nashik,7450000,0.0,1.0,0.0,3,3,3,4,4,4,4,4,4,4,4,4,3,3,4,47,1,4,4,33,1,1,1,0,0
354,354,Nashik,4470000,2.0,0.0,0.0,4,4,0,4,4,4,4,4,4,4,3,4,3,4,4,44,1,4,4,183,1,1,1,0,0
355,355,Nashik,6300000,2.0,0.0,0.0,3,3,0,4,4,4,4,4,4,4,3,4,4,3,4,47,1,4,3,449,1,1,1,0,0
356,356,Nashik,5500000,0.0,0.0,0.0,3,3,3,4,4,4,4,4,4,4,3,4,3,4,4,45,1,4,1,14,1,1,1,0,0
357,357,Nashik,3700000,0.0,0.0,0.0,1,4,1,4,4,4,4,4,4,4,3,4,4,3,4,47,1,4,10,645,1,1,1,0,0
358,358,Nashik,6370000,0.0,0.0,0.0,3,3,1,4,4,4,4,4,4,4,3,4,4,4,4,47,1,4,5,184,1,1,1,0,0
359,359,Nashik,5330000,0.0,0.0,0.0,3,4,3,4,4,4,4,4,4,4,4,4,4,4,4,47,1,4,4,7,1,1,1,0,0
360,360,Nashik,19400000,1.0,2.0,1.0,4,4,0,4,4,4,4,4,4,4,4,4,4,4,4,47,1,4,14,940,1,1,1,0,0
361,361,Nashik,41400000,0.0,0.0,0.0,9,6,1,4,4,4,4,4,4,4,4,4,4,4,4,47,1,4,4,76,1,1,1,0,0
362,364,Nashik,5140000,0.0,0.0,0.0,4,4,0,4,4,4,4,4,4,4,3,4,4,4,4,45,1,4,4,348,1,1,1,0,0
363,363,Nashik,3640000,2.0,0.0,0.0,4,4,0,4,4,5,4,4,4,4,3,4,4,4,5,44,1,4,3,403,1,1,1,0,0
364,364,Nashik,3100000,1.0,2.0,1.0,4,4,3,4,4,4,4,4,4,4,3,4,4,4,4,45,1,4,4,140,1,1,1,0,0
365,365,Nashik,3400000,1.0,2.0,1.0,3,4,0,4,4,5,4,4,4,4,3,4,4,4,5,44,1,4,4,176,1,1,1,0,0
366,366,Ranchi,4430000,2.0,0.0,0.0,3,4,0,3,4,3,4,4,4,4,4,4,3,4,3,41,1,4,4,90,1,1,1,0,0
367,367,Ranchi,4480000,0.0,0.0,0.0,3,4,0,3,4,4,4,4,4,4,3,4,3,4,4,41,1,4,4,60,1,1,1,0,0
368,368,Ranchi,4980000,0.0,0.0,0.0,4,1,0,4,4,4,4,4,4,4,4,4,4,3,4,46,1,4,4,140,1,1,1,0,0
369,369,Ranchi,6480000,2.0,0.0,0.0,4,4,0,4,4,4,4,4,4,4,4,4,3,4,3,46,1,4,3,500,1,1,1,0,0
370,370,Ranchi,4660000,0.0,0.0,0.0,3,4,0,4,4,4,4,4,4,4,4,4,3,3,3,45,1,4,4,94,1,1,1,0,0
371,371,Ranchi,4600000,2.0,0.0,0.0,4,4,3,4,5,4,4,4,5,4,5,4,4,5,5,5,1,4,4,440,1,1,1,0,0
372,374,Ranchi,4440000,0.0,0.0,0.0,3,4,0,4,4,4,4,4,4,4,4,4,3,3,3,45,1,4,4,54,1,1,1,0,0
373,373,Ranchi,5160000,0.0,0.0,0.0,4,4,3,4,4,4,4,4,4,4,4,4,4,4,4,44,1,4,3,64,1,1,1,0,0
374,374,Ranchi,5340000,0.0,0.0,0.0,3,4,0,4,4,4,4,4,4,4,4,4,4,4,4,44,1,4,4,415,1,1,1,0,0
375,375,Ranchi,3350000,2.0,0.0,0.0,4,1,0,4,5,4,4,4,5,4,5,4,4,5,5,5,1,4,1,46,1,1,1,0,0
376,376,Ranchi,3570000,0.0,0.0,0.0,3,4,0,4,4,4,4,4,4,4,4,4,3,3,3,45,1,4,1,40,1,1,1,0,0
377,377,Ranchi,6470000,2.0,0.0,0.0,3,4,0,4,4,4,4,4,4,4,3,4,4,4,4,44,1,4,4,44,1,1,1,0,0
378,378,Faridabad,7000000,0.0,0.0,0.0,3,3,3,4,4,4,4,3,4,4,4,4,4,4,4,46,1,4,1,4,1,1,1,0,0
379,379,Faridabad,4600000,0.0,0.0,0.0,3,4,3,4,4,4,4,4,4,4,4,4,4,4,4,46,1,4,1,14,1,1,1,0,0
380,380,Faridabad,5400000,0.0,0.0,0.0,4,4,3,4,4,4,4,4,4,4,3,4,3,4,4,46,1,4,47,4300,1,1,1,0,0
381,381,Faridabad,48000000,0.0,0.0,0.0,4,4,3,4,4,4,4,4,4,4,4,4,3,4,4,47,1,4,7,466,1,1,1,0,0
382,384,Faridabad,9440000,0.0,0.0,0.0,4,3,1,4,4,4,4,4,4,4,3,4,3,4,4,46,1,4,6,384,1,1,1,0,0
383,383,Faridabad,4630000,0.0,0.0,0.0,3,4,1,4,4,4,4,3,4,4,4,4,4,4,4,46,1,4,13,766,1,1,1,0,0
384,384,Faridabad,3400000,0.0,0.0,0.0,3,3,1,4,4,4,4,4,4,4,3,4,3,4,3,43,1,4,15,840,1,1,1,0,0
385,385,Faridabad,8400000,0.0,0.0,0.0,3,3,3,4,4,4,4,4,4,4,3,4,3,4,3,43,1,4,0,470,1,1,1,0,0
386,386,Faridabad,3350000,0.0,0.0,0.0,3,4,3,4,4,4,4,4,4,4,3,4,3,4,4,46,1,4,6,684,1,1,1,0,0
387,387,Faridabad,4780000,0.0,0.0,0.0,3,4,1,4,4,4,4,3,4,4,4,4,3,3,4,44,1,4,7,764,1,1,1,0,0
388,388,Faridabad,6700000,0.0,0.0,0.0,3,4,3,4,4,4,4,4,4,4,3,4,3,4,4,46,1,4,47,4300,1,1,1,0,0
389,389,Faridabad,1580000,0.0,1.0,0.0,1,1,1,4,4,4,4,4,4,4,3,4,3,4,4,46,1,4,6,384,1,1,1,0,0
390,390,Faridabad,7000000,0.0,0.0,0.0,3,3,3,4,4,4,4,4,4,4,3,4,3,4,4,46,1,4,6,384,1,1,1,0,0
391,391,Faridabad,10300000,0.0,0.0,2.0,3,3,3,4,4,4,4,3,4,4,3,5,3,4,3,48,1,4,14,514,1,1,1,0,0
392,394,Faridabad,4780000,0.0,0.0,0.0,3,4,3,4,4,4,4,3,4,4,3,4,3,3,4,45,1,4,0,650,1,1,1,0,0
393,393,Faridabad,8700000,0.0,0.0,0.0,3,3,1,4,4,4,4,3,4,4,3,4,3,3,4,45,1,4,0,660,1,1,1,0,0
394,394,Meerut,5700000,0.0,0.0,0.0,4,4,3,4,4,4,4,4,4,4,4,4,3,4,4,41,1,4,30,0,1,1,1,0,0
395,395,Meerut,4000000,0.0,0.0,0.0,4,4,3,3,5,4,5,4,4,4,3,4,3,4,3,47,1,4,11,1400,1,1,1,0,0
396,396,Varanasi,4800000,0.0,0.0,1.0,3,1,1,4,4,4,4,4,4,5,4,4,4,4,4,45,1,4,0,35,1,1,1,0,0
397,397,Varanasi,5540000,0.0,0.0,0.0,4,4,1,4,4,4,3,4,4,4,4,4,4,4,4,44,1,4,6,194,1,1,1,0,0
398,398,Varanasi,15300000,0.0,0.0,0.0,5,4,1,4,4,4,4,4,4,4,4,4,3,4,4,44,1,4,0,51,1,1,1,0,0
399,399,Allahabad,3490000,0.0,1.0,0.0,4,4,0,4,4,4,4,4,4,4,4,4,4,4,4,45,1,4,5,1068,1,1,1,0,0
400,400,Allahabad,5490000,0.0,0.0,1.0,3,3,1,4,4,4,4,4,4,4,4,4,4,4,4,45,1,4,5,348,1,1,1,0,0
401,401,Allahabad,6500000,0.0,0.0,0.0,4,4,3,4,4,4,4,4,4,4,4,4,4,4,4,45,1,4,3,450,1,1,1,0,0
402,404,Allahabad,4300000,0.0,0.0,0.0,3,3,4,4,4,4,4,4,4,4,4,4,4,4,4,45,1,4,5,1068,1,1,1,0,0
403,403,Allahabad,4130000,0.0,0.0,0.0,4,4,4,4,4,4,4,4,4,4,4,4,4,4,4,45,1,4,5,348,1,1,1,0,0
404,404,Coimbatore,5800000,2.0,0.0,0.0,3,3,0,4,4,4,4,4,4,4,4,4,3,4,4,46,1,4,0,35,1,1,1,0,0
405,405,Coimbatore,5000000,2.0,0.0,0.0,3,3,3,4,4,4,4,4,4,4,4,4,3,4,4,46,1,4,0,5,1,1,1,0,0
406,406,Coimbatore,4700000,0.0,0.0,0.0,4,4,3,4,4,4,4,4,4,4,4,4,4,4,4,47,1,4,0,414,1,1,1,0,0
407,407,Coimbatore,3860000,0.0,0.0,0.0,4,4,3,4,4,4,4,4,4,4,3,4,4,4,4,45,1,4,0,160,1,1,1,0,0
408,408,Coimbatore,6510000,2.0,0.0,0.0,3,3,3,4,4,4,4,4,4,4,3,4,4,4,4,45,1,4,0,417,1,1,1,0,0
409,409,Coimbatore,5600000,0.0,0.0,0.0,4,4,3,4,4,4,4,4,3,4,4,4,4,4,4,44,1,4,0,400,1,1,1,0,0
410,410,Coimbatore,11400000,0.0,0.0,0.0,3,3,3,5,5,5,5,5,5,5,5,5,4,5,5,5,1,4,0,63,1,1,1,0,0
411,411,Coimbatore,10500000,0.0,0.0,0.0,3,3,3,5,5,5,5,5,5,5,5,5,4,5,5,5,1,4,0,63,1,1,1,0,0
412,414,Coimbatore,4800000,0.0,0.0,0.0,4,4,3,4,4,4,4,4,4,4,3,4,4,4,4,45,1,4,0,7,1,1,1,0,0
413,413,Coimbatore,8040000,1.0,2.0,2.0,4,4,3,4,4,4,4,4,4,4,4,4,4,4,4,48,1,4,1,74,1,1,1,0,0
414,414,Coimbatore,1000000,1.0,2.0,1.0,4,4,0,4,4,4,4,4,4,4,3,5,4,4,5,47,1,4,3,410,1,1,1,0,0
415,415,Coimbatore,9600000,0.0,0.0,0.0,3,3,3,5,5,5,5,5,5,5,5,5,4,5,5,5,1,4,0,63,1,1,1,0,0
416,416,Coimbatore,3800000,0.0,0.0,0.0,4,4,1,4,4,4,4,4,4,4,4,4,3,4,4,46,1,4,1,364,1,1,1,0,0
417,417,Coimbatore,9460000,0.0,1.0,0.0,3,3,0,4,4,4,4,4,4,4,3,4,4,4,4,47,1,4,4,58,1,1,1,0,0
418,418,Coimbatore,3400000,0.0,0.0,0.0,4,4,1,4,4,4,4,4,4,4,4,4,3,4,4,46,1,4,1,364,1,1,1,0,0
419,419,Coimbatore,11600000,2.0,0.0,0.0,3,3,3,4,4,4,4,4,4,4,3,4,4,4,4,45,1,4,4,367,1,1,1,0,0
420,440,Coimbatore,4000000,0.0,0.0,0.0,4,4,0,4,4,4,4,4,4,4,3,4,4,4,4,46,1,4,0,750,1,1,1,0,0
421,441,Vijayawada,4480000,1.0,2.0,1.0,4,4,3,4,4,4,4,4,4,4,3,4,3,4,4,44,1,4,1,40,1,1,1,0,0
422,444,Vijayawada,4460000,0.0,0.0,0.0,4,4,3,4,4,4,4,4,4,4,3,4,4,4,4,48,1,4,8,435,1,1,1,0,0
423,443,Raipur,4050000,1.0,2.0,1.0,4,4,3,4,4,4,4,4,4,4,4,4,3,4,4,38,1,4,8,769,1,1,1,0,0
424,444,Raipur,4500000,0.0,0.0,0.0,4,4,3,5,5,4,4,4,5,5,4,5,5,5,5,45,1,4,9,440,1,1,1,0,0
425,445,Raipur,3700000,0.0,0.0,0.0,3,4,3,4,4,4,4,3,4,4,4,4,4,4,4,46,1,4,0,85,1,1,1,0,0
426,446,Raipur,3800000,0.0,0.0,0.0,3,3,3,4,4,4,4,4,4,4,4,4,4,4,4,49,1,4,10,60,1,1,1,0,0
427,447,Chandigarh,8450000,1.0,2.0,0.0,3,4,0,4,4,4,4,4,4,4,4,4,4,4,4,46,1,4,15,614,1,1,1,0,0
428,448,Chandigarh,6490000,1.0,2.0,2.0,3,4,0,4,4,4,4,4,4,4,3,4,4,4,4,47,1,4,74,488,1,1,1,0,0
429,449,Chandigarh,7750000,0.0,1.0,0.0,3,3,3,4,5,4,4,4,4,4,4,4,4,4,4,4,1,4,18,1344,1,1,1,0,0
430,430,Chandigarh,6690000,1.0,2.0,1.0,3,3,3,4,4,4,4,4,4,4,3,4,4,4,4,47,1,4,14,474,1,1,1,0,0
431,431,Chandigarh,1000000,2.0,0.0,0.0,3,3,3,4,4,4,4,4,4,4,3,4,4,4,4,47,1,4,19,348,1,1,1,0,0
432,434,Chandigarh,7400000,0.0,0.0,0.0,3,3,1,4,4,4,4,4,4,4,3,4,4,4,4,47,1,4,9,353,1,1,1,0,0
433,433,Chandigarh,7140000,0.0,0.0,0.0,3,3,4,4,4,4,4,4,4,4,3,4,4,4,4,47,1,4,0,900,1,1,1,0,0
434,434,Chandigarh,10500000,0.0,0.0,0.0,3,3,1,4,4,4,4,4,4,4,3,4,4,4,4,47,1,4,5,196,1,1,1,0,0
435,435,Chandigarh,6390000,0.0,0.0,0.0,3,3,1,4,4,4,4,4,4,4,3,4,4,4,4,47,1,4,0,900,1,1,1,0,0
436,436,Chandigarh,10500000,0.0,0.0,0.0,3,3,1,4,5,4,4,4,4,4,4,4,4,4,4,4,1,4,18,1344,1,1,1,0,0
437,437,Chandigarh,6640000,0.0,0.0,0.0,3,4,1,4,4,4,4,4,4,4,3,4,4,4,4,47,1,4,9,353,1,1,1,0,0
438,438,Chandigarh,7400000,0.0,0.0,0.0,4,4,1,4,4,4,4,4,4,4,3,4,4,4,4,47,1,4,8,450,1,1,1,0,0
439,439,Chandigarh,5800000,0.0,0.0,0.0,3,3,1,4,4,4,4,4,4,4,3,4,4,4,4,47,1,4,15,454,1,1,1,0,0
440,440,Chandigarh,7310000,0.0,0.0,0.0,3,3,1,4,4,4,4,4,4,4,3,4,4,4,4,47,1,4,15,454,1,1,1,0,0
441,441,Chandigarh,9450000,0.0,0.0,0.0,3,3,1,4,4,4,4,4,4,4,3,4,4,4,4,47,1,4,19,348,1,1,1,0,0
442,444,Chandigarh,5450000,0.0,0.0,0.0,3,3,1,4,4,4,4,4,4,4,3,4,4,4,4,47,1,4,15,454,1,1,1,0,0
443,443,Chandigarh,7750000,0.0,0.0,0.0,3,4,1,4,4,4,4,4,4,4,3,4,4,4,4,47,1,4,9,353,1,1,1,0,0
444,444,Chandigarh,11500000,0.0,0.0,0.0,5,5,1,4,4,4,4,4,4,4,3,4,4,4,4,47,1,4,9,353,1,1,1,0,0
445,445,Chandigarh,6190000,0.0,0.0,0.0,3,3,1,4,4,4,4,4,4,4,3,4,4,4,4,47,1,4,74,488,1,1,1,0,0
446,446,Chandigarh,14700000,0.0,0.0,2.0,4,5,1,4,4,4,4,4,4,4,3,4,4,4,4,47,1,4,9,353,1,1,1,0,0
447,447,Guwahati,5740000,2.0,0.0,0.0,4,4,0,4,4,4,4,4,5,3,5,3,3,3,3,5,1,4,8,150,1,1,1,0,0
448,448,Guwahati,14000000,0.0,0.0,0.0,4,3,3,4,4,4,4,4,4,4,4,4,4,4,4,46,1,4,6,163,1,1,1,0,0
449,449,Guwahati,4960000,0.0,0.0,0.0,4,4,0,4,4,5,4,4,4,5,4,5,3,5,5,45,1,4,1,410,1,1,1,0,0
450,450,Mysore,10585000000,0.0,0.0,0.0,4,4,3,4,4,4,4,3,4,4,4,4,3,3,3,44,1,4,4,65,1,1,1,0,0
451,451,Mysore,6550000,1.0,2.0,2.0,3,4,3,4,4,4,4,4,4,5,4,4,3,3,4,47,1,4,1,40,1,1,1,0,0
452,454,Mysore,8000000,0.0,0.0,0.0,3,3,3,4,4,4,4,4,4,4,4,3,3,4,4,45,1,4,1,48,1,1,1,0,0
453,453,Mysore,9500000,0.0,1.0,0.0,3,3,3,4,4,4,4,4,4,4,3,4,3,4,3,45,1,4,0,40,1,1,1,0,0
454,454,Gurgaon,5000000,2.0,0.0,0.0,4,4,3,4,4,4,4,4,4,4,4,4,4,4,4,48,1,4,1,4,1,1,1,0,0
455,455,Gurgaon,49000000,0.0,0.0,0.0,1,1,0,4,4,4,4,4,4,4,3,4,4,4,4,46,1,4,1,0,1,1,1,0,0
456,456,Gurgaon,16400000,0.0,0.0,0.0,3,3,0,4,4,4,4,4,4,4,4,4,4,4,4,47,1,4,4,376,1,1,1,0,0
457,457,Gurgaon,15300000,1.0,2.0,1.0,3,4,0,4,3,4,4,3,4,4,3,4,3,3,3,45,1,4,9,444,1,1,1,0,0
458,458,Gurgaon,18700000,0.0,0.0,0.0,4,4,3,4,4,4,4,3,4,4,4,4,3,3,3,46,1,4,15,811,1,1,1,0,0
459,459,Gurgaon,34000000,0.0,1.0,0.0,3,3,0,4,4,4,4,4,4,4,4,4,4,4,4,47,1,4,19,880,1,1,1,0,0
460,460,Gurgaon,17000000,1.0,2.0,2.0,4,4,3,4,4,4,4,4,4,4,4,4,4,4,4,46,1,4,8,756,1,1,1,0,0
461,461,Gurgaon,9630000,2.0,0.0,0.0,4,4,0,4,4,4,4,3,4,4,4,4,3,4,4,45,1,4,13,1560,1,1,1,0,0
462,464,Gurgaon,8960000,2.0,0.0,0.0,4,4,3,4,4,4,4,4,4,4,4,4,4,4,4,47,1,4,6,0,1,1,1,0,0
463,463,Gurgaon,9370000,0.0,1.0,0.0,3,3,0,4,4,4,4,4,4,4,4,4,4,4,4,45,1,4,6,630,1,1,1,0,0
464,464,Gurgaon,38500000,2.0,0.0,0.0,3,4,0,4,4,4,4,4,4,4,3,4,4,4,4,47,1,4,6,458,1,1,1,0,0
465,465,Gurgaon,9500000,2.0,0.0,0.0,4,4,3,4,4,4,4,4,4,4,4,4,4,4,4,46,1,4,3,0,1,1,1,0,0
466,466,Gurgaon,3000000,2.0,0.0,0.0,4,5,3,4,4,4,4,4,4,4,4,4,4,4,4,47,1,4,1,4,1,1,1,0,0
467,467,Gurgaon,5080000,0.0,0.0,0.0,3,4,0,4,4,4,4,4,4,4,4,4,4,4,4,48,1,4,0,867,1,1,1,0,0
468,468,Gurgaon,1000000,1.0,2.0,2.0,3,3,3,4,4,4,4,4,4,4,4,4,4,4,4,46,1,4,8,756,1,1,1,0,0
469,469,Gurgaon,8000000,1.0,2.0,0.0,4,4,0,4,4,4,4,4,4,4,4,4,3,4,4,46,1,4,0,864,1,1,1,0,0
470,470,Gurgaon,15000000,0.0,0.0,0.0,3,4,3,4,4,4,4,4,4,4,3,4,4,4,4,45,1,4,0,1,1,1,1,0,0
471,471,Gurgaon,44900000,0.0,0.0,0.0,5,5,0,4,4,4,4,4,4,4,4,4,3,4,4,44,1,4,10,560,1,1,1,0,0
472,474,Gurgaon,34500000,2.0,0.0,0.0,5,5,3,4,4,4,4,3,4,4,4,4,4,4,4,44,1,4,1,56,1,1,1,0,0
473,473,Gurgaon,7400000,2.0,0.0,0.0,4,4,3,4,4,4,4,4,4,4,3,4,4,4,4,46,1,4,5,150,1,1,1,0,0
474,474,Gurgaon,19600000,0.0,0.0,0.0,3,3,1,4,4,4,4,4,4,4,4,4,4,4,4,5,1,4,75,305,1,1,1,0,0
475,475,Gurgaon,18000000,2.0,0.0,0.0,3,3,0,4,4,4,4,3,4,4,4,4,3,3,3,46,1,4,44,1748,1,1,1,0,0
476,476,Moradabad,5650000,0.0,0.0,0.0,3,4,3,4,4,4,4,4,4,4,4,4,4,4,3,45,1,4,6,464,1,1,1,0,0
477,477,Moradabad,3910000,0.0,0.0,2.0,4,4,3,4,5,4,4,4,4,4,3,4,3,3,4,44,1,4,3,350,1,1,1,0,0
478,478,Bhubaneswar,8750000,0.0,0.0,0.0,3,4,0,4,4,4,4,4,4,4,3,4,4,4,4,46,1,4,14,708,1,1,1,0,0
479,479,Bhubaneswar,8680000,0.0,1.0,0.0,3,3,0,4,4,4,4,4,4,4,4,4,3,3,4,45,1,4,6,714,1,1,1,0,0
480,480,Bhubaneswar,14100000,0.0,0.0,0.0,3,4,0,4,4,4,4,4,4,4,4,4,4,4,4,48,1,4,1,8,1,1,1,0,0
481,481,Bhubaneswar,7130000,1.0,2.0,1.0,3,4,0,4,4,4,4,4,4,4,4,4,3,4,4,47,1,4,7,394,1,1,1,0,0
482,484,Bhubaneswar,7650000,2.0,0.0,0.0,3,3,0,4,4,4,4,3,4,4,4,4,3,4,4,45,1,4,1,65,1,1,1,0,0
483,483,Bhubaneswar,7030000,2.0,0.0,0.0,3,3,0,4,4,4,4,4,4,4,4,4,3,4,4,45,1,4,0,64,1,1,1,0,0
484,484,Bhubaneswar,5870000,0.0,0.0,0.0,4,4,1,4,4,4,4,4,4,4,3,4,4,4,4,46,1,4,14,708,1,1,1,0,0
485,485,Bhubaneswar,7950000,0.0,0.0,0.0,3,3,1,4,4,4,4,3,4,4,4,4,3,4,4,45,1,4,1,65,1,1,1,0,0
486,486,Bhubaneswar,4400000,0.0,1.0,0.0,4,4,3,4,4,4,4,4,4,4,4,4,3,4,4,47,1,4,1,48,1,1,1,0,0
487,487,Bhubaneswar,8880000,2.0,0.0,0.0,3,3,3,4,4,4,4,4,5,5,4,4,3,3,4,48,1,4,30,30,1,1,1,0,0
488,488,Bhubaneswar,5000000,0.0,0.0,0.0,4,4,3,4,4,4,4,3,4,4,4,4,3,4,4,45,1,4,1,0,1,1,1,0,0
489,489,Bhubaneswar,7340000,0.0,0.0,0.0,3,3,1,4,4,4,4,4,4,4,4,4,4,4,4,46,1,4,4,154,1,1,1,0,0
490,490,Bhubaneswar,6090000,0.0,1.0,0.0,3,3,0,4,4,4,4,4,4,4,4,4,4,4,4,45,1,4,1,43,1,1,1,0,0
491,491,Bhubaneswar,7480000,1.0,2.0,2.0,3,3,3,4,4,4,4,4,4,4,4,4,4,4,4,46,1,4,4,54,1,1,1,0,0
492,494,Bhubaneswar,6480000,2.0,0.0,0.0,3,3,0,4,4,4,4,4,4,4,4,4,4,4,4,46,1,4,0,70,1,1,1,0,0
493,493,Bhubaneswar,3560000,1.0,2.0,0.0,4,4,0,4,4,4,4,4,4,4,3,4,3,4,4,45,1,4,6,140,1,1,1,0,0
494,494,Bhubaneswar,5040000,0.0,0.0,0.0,4,4,3,4,4,4,4,4,4,4,4,4,4,4,4,46,1,4,4,154,1,1,1,0,0
495,495,Bhubaneswar,6100000,1.0,2.0,1.0,4,4,3,4,4,4,4,4,4,4,4,4,4,4,4,46,1,4,1,95,1,1,1,0,0
496,496,Bhubaneswar,7000000,1.0,2.0,0.0,3,3,0,4,4,4,4,4,4,4,4,4,3,3,4,45,1,4,0,50,1,1,1,0,0
497,497,Bhubaneswar,5800000,0.0,0.0,0.0,4,4,1,4,4,4,4,4,4,4,4,4,3,4,4,47,1,4,7,394,1,1,1,0,0
498,498,Bhubaneswar,8000000,0.0,0.0,0.0,3,4,1,4,4,4,4,4,4,4,4,4,4,4,4,46,1,4,0,400,1,1,1,0,0
499,499,Bhubaneswar,5500000,1.0,2.0,0.0,4,4,0,4,4,4,4,4,4,4,4,4,4,4,4,45,1,4,1,0,1,1,1,0,0
500,500,Bhubaneswar,6300000,0.0,0.0,0.0,4,4,1,4,4,4,4,4,4,4,3,4,4,4,4,46,1,4,14,708,1,1,1,0,0
501,501,Guntur,4730000,0.0,0.0,0.0,4,4,3,4,4,4,5,4,5,4,4,4,3,4,3,49,1,4,3,634,1,1,1,0,0
502,504,Delhi-N00000,4690000,0.0,0.0,0.0,4,4,3,4,4,4,4,4,4,4,4,4,4,4,4,46,1,4,44,4434,1,1,1,0,0
503,503,Delhi-N00000,16000000,0.0,0.0,0.0,4,4,3,4,4,4,4,4,4,4,4,4,4,4,4,46,1,4,11,956,1,1,1,0,0
504,504,Delhi-N00000,7700000,0.0,0.0,0.0,3,3,4,4,4,4,4,4,4,4,4,4,4,4,4,45,1,4,6,857,1,1,1,0,0
505,505,Delhi-N00000,15000000,0.0,0.0,0.0,3,3,3,4,4,4,4,3,4,4,4,4,3,3,3,43,1,4,8,443,1,1,1,0,0
506,506,Delhi-N00000,5000000,0.0,1.0,0.0,3,4,3,4,4,4,4,4,4,4,3,4,3,4,4,46,1,4,40,1674,1,1,1,0,0
507,507,Delhi-N00000,3800000,0.0,0.0,0.0,4,4,3,4,4,4,4,3,4,4,4,4,3,4,4,44,1,4,6,975,1,1,1,0,0
508,508,Delhi-N00000,6550000,0.0,0.0,0.0,3,3,3,5,5,5,5,4,5,5,4,4,4,4,5,5,1,4,0,486,1,1,1,0,0
509,509,Delhi-N00000,4400000,0.0,0.0,0.0,3,4,3,4,4,4,4,3,4,4,4,4,4,4,4,46,1,4,0,500,1,1,1,0,0
510,510,Delhi-N00000,49700000,0.0,0.0,0.0,5,5,1,4,4,4,3,4,4,4,3,4,4,4,4,45,1,6,7,700,1,1,1,0,0
511,511,New-Delhi,6000000,0.0,0.0,0.0,3,4,3,4,3,4,3,4,3,4,3,4,4,4,4,44,1,4,4,9,1,1,1,0,0
512,514,New-Delhi,3000000,2.0,0.0,0.0,4,4,3,4,3,4,3,4,3,4,3,4,4,4,4,44,1,4,1,0,1,1,1,0,0
513,513,New-Delhi,4400000,1.0,2.0,2.0,4,4,3,4,3,4,3,4,3,4,3,4,4,4,4,44,1,4,5,0,1,1,1,0,0
514,514,New-Delhi,4000000,2.0,0.0,0.0,3,3,3,4,4,4,4,4,4,4,3,4,4,4,4,46,1,4,1,4,1,1,1,0,0
515,515,New-Delhi,63500000,0.0,1.0,0.0,4,4,3,4,4,4,4,4,3,4,3,4,4,4,4,45,1,5,17,4500,1,1,1,0,0
516,516,New-Delhi,44000000,1.0,2.0,2.0,3,4,0,4,4,4,4,4,4,5,4,4,4,4,4,48,1,4,4,913,1,1,1,0,0
517,517,New-Delhi,7040000,0.0,0.0,0.0,4,4,3,4,4,4,4,4,4,4,3,4,4,4,4,45,1,4,1,48,1,1,1,0,0
518,518,New-Delhi,6500000,2.0,0.0,0.0,3,4,3,4,4,4,4,4,4,4,3,4,4,4,4,44,1,4,1,40,1,1,1,0,0
519,519,New-Delhi,41000000,2.0,0.0,0.0,4,4,3,4,4,4,4,4,3,4,3,4,4,4,4,45,1,4,17,4500,1,1,1,0,0
520,540,New-Delhi,15800000,0.0,0.0,0.0,3,4,3,4,4,4,4,4,4,4,3,4,4,4,4,43,1,6,4,104,1,1,1,0,0
521,541,New-Delhi,34500000,1.0,2.0,0.0,4,4,1,4,4,4,4,4,4,5,4,4,4,4,4,48,1,7,4,913,1,1,1,0,0
522,544,New-Delhi,40000000,0.0,0.0,0.0,4,4,3,4,4,4,4,4,4,4,3,4,4,4,4,46,1,8,8,57,1,1,1,0,0
523,543,New-Delhi,17000000,0.0,0.0,0.0,3,4,3,4,4,4,4,4,4,4,3,4,4,4,4,46,1,6,0,75,1,1,1,0,0
